file,bytes,sha256
FR_0716_CYL_1000.wav,4540366,483b53281749b3a9badcd3d2f8b64ff884033c1f2a7fe3949e082299dd6710c5
FR_0716_CYL_1125.wav,4163534,c7d37469cd804014c92e5acb1d23bb288f4882e39cf5dfeee3708df579e8e66a
FR_0716_CYL_800.wav,4675534,8612143afba311e6d785c205731975e609068c9648f9c3fbb2677a451d1fc2cd
FR_0716_CYL_900.wav,4411342,84d3e2c031b831d167dd86c99bca2a5164c1b1797f216db6e2e5e6b186ac72df
FR_0716_SHUTTLE_1000.wav,5496782,2d52ea0d10073c0c7320750b6f91331722548435c6a1219b7225277611e0facc
FR_0716_SHUTTLE_900_R1.wav,3250126,fd16e1d9c3b1f972a779cc2cdbdaf70e3be88cc0317e983d76f76cdc656698b4
FR_0716_SHUTTLE_900_R2.wav,1783758,ff0ad061bdab684138b5bfdaa8f96bcea52733f7a4f06f78000466a082db9d7d
FR_0722_B_HEAT_1000.wav,2176974,b086933152fa883ccac450c9e575bac6f533bb4a3b84f42a68f168e040944632
FR_0722_B_HEAT_900.wav,2158542,d9b8eaae0d2fe4e16c438bd6f28a0bdcf0b60e7c7ad5b00b30deabec9ab5092d
FR_DELIVERY_0723_700.wav,3434446,1c9b5de33d55aae36aedab36204b32e398778f06a2f3b86bd2f0c4d9d463a626
